"TIME","GEO","UNIT","SEX","Value","Flag and Footnotes"
"2009","European Union - 28 countries (2013-2020)","Thousand","Males","4.910,0","s"
"2009","European Union - 28 countries (2013-2020)","Thousand","Females","1.400,4","s"
"2009","European Union - 28 countries (2013-2020)","Percentage","Males","77,8","s"
"2009","European Union - 28 countries (2013-2020)","Percentage","Females","22,2","s"
"2009","European Union - 27 countries (from 2020)","Thousand","Males","3.816,2","s"
"2009","European Union - 27 countries (from 2020)","Thousand","Females","1.071,0","s"
"2009","European Union - 27 countries (from 2020)","Percentage","Males","78,1","s"
"2009","European Union - 27 countries (from 2020)","Percentage","Females","21,9","s"
"2009","European Union - 15 countries (1995-2004)","Thousand","Males","4.050,2","s"
"2009","European Union - 15 countries (1995-2004)","Thousand","Females","1.012,9","s"
"2009","European Union - 15 countries (1995-2004)","Percentage","Males","80,0","s"
"2009","European Union - 15 countries (1995-2004)","Percentage","Females","20,0","s"
"2009","Euro area - 19 countries  (from 2015)","Thousand","Males","2.800,3","s"
"2009","Euro area - 19 countries  (from 2015)","Thousand","Females","669,8","s"
"2009","Euro area - 19 countries  (from 2015)","Percentage","Males","80,7","s"
"2009","Euro area - 19 countries  (from 2015)","Percentage","Females","19,3","s"
"2009","Belgium","Thousand","Males","95,9","s"
"2009","Belgium","Thousand","Females","18,0","s"
"2009","Belgium","Percentage","Males","84,2","s"
"2009","Belgium","Percentage","Females","15,8","s"
"2009","Bulgaria","Thousand","Males","23,9","s"
"2009","Bulgaria","Thousand","Females","14,8","s"
"2009","Bulgaria","Percentage","Males","61,7","s"
"2009","Bulgaria","Percentage","Females","38,3","s"
"2009","Czechia","Thousand","Males","153,9",""
"2009","Czechia","Thousand","Females","47,8",""
"2009","Czechia","Percentage","Males","76,3",""
"2009","Czechia","Percentage","Females","23,7",""
"2009","Denmark","Thousand","Males","70,9","s"
"2009","Denmark","Thousand","Females","17,6","s"
"2009","Denmark","Percentage","Males","80,1","s"
"2009","Denmark","Percentage","Females","19,9","s"
"2009","Germany (until 1990 former territory of the FRG)","Thousand","Males","759,0","s"
"2009","Germany (until 1990 former territory of the FRG)","Thousand","Females","141,5","s"
"2009","Germany (until 1990 former territory of the FRG)","Percentage","Males","84,3","s"
"2009","Germany (until 1990 former territory of the FRG)","Percentage","Females","15,7","s"
"2009","Estonia","Thousand","Males","12,7",""
"2009","Estonia","Thousand","Females","8,7",""
"2009","Estonia","Percentage","Males","59,1",""
"2009","Estonia","Percentage","Females","40,9",""
"2009","Ireland","Thousand","Males","35,8","s"
"2009","Ireland","Thousand","Females","12,5","s"
"2009","Ireland","Percentage","Males","74,1","s"
"2009","Ireland","Percentage","Females","25,9","s"
"2009","Greece","Thousand","Males","40,5","bs"
"2009","Greece","Thousand","Females","15,1","bs"
"2009","Greece","Percentage","Males","72,8","bs"
"2009","Greece","Percentage","Females","27,2","bs"
"2009","Spain","Thousand","Males","332,8","s"
"2009","Spain","Thousand","Females","95,8","s"
"2009","Spain","Percentage","Males","77,7","s"
"2009","Spain","Percentage","Females","22,3","s"
"2009","France","Thousand","Males","482,7","s"
"2009","France","Thousand","Females","119,2","s"
"2009","France","Percentage","Males","80,2","s"
"2009","France","Percentage","Females","19,8","s"
"2009","Croatia","Thousand","Males","30,9",""
"2009","Croatia","Thousand","Females","7,4","u"
"2009","Croatia","Percentage","Males","80,6",""
"2009","Croatia","Percentage","Females","19,4","u"
"2009","Italy","Thousand","Males","397,0","s"
"2009","Italy","Thousand","Females","79,7","s"
"2009","Italy","Percentage","Males","83,3","s"
"2009","Italy","Percentage","Females","16,7","s"
"2009","Cyprus","Thousand","Males","4,1","bs"
"2009","Cyprus","Thousand","Females","1,1","bu"
"2009","Cyprus","Percentage","Males","78,2","bs"
"2009","Cyprus","Percentage","Females","21,8","bu"
"2009","Latvia","Thousand","Males","8,5","s"
"2009","Latvia","Thousand","Females","4,0","s"
"2009","Latvia","Percentage","Males","67,9","s"
"2009","Latvia","Percentage","Females","32,1","s"
"2009","Lithuania","Thousand","Males","15,6",""
"2009","Lithuania","Thousand","Females","8,6",""
"2009","Lithuania","Percentage","Males","64,5",""
"2009","Lithuania","Percentage","Females","35,5",""
"2009","Luxembourg","Thousand","Males","8,5","b"
"2009","Luxembourg","Thousand","Females","1,4","b"
"2009","Luxembourg","Percentage","Males","86,3","b"
"2009","Luxembourg","Percentage","Females","13,7","b"
"2009","Hungary","Thousand","Males","96,5",""
"2009","Hungary","Thousand","Females","55,3",""
"2009","Hungary","Percentage","Males","63,6",""
"2009","Hungary","Percentage","Females","36,4",""
"2009","Malta","Thousand","Males","5,6",""
"2009","Malta","Thousand","Females","1,8",""
"2009","Malta","Percentage","Males","75,7",""
"2009","Malta","Percentage","Females","24,3",""
"2009","Netherlands","Thousand","Males","268,8",""
"2009","Netherlands","Thousand","Females","49,7",""
"2009","Netherlands","Percentage","Males","84,4",""
"2009","Netherlands","Percentage","Females","15,6",""
"2009","Austria","Thousand","Males","107,0",""
"2009","Austria","Thousand","Females","25,5",""
"2009","Austria","Percentage","Males","80,7",""
"2009","Austria","Percentage","Females","19,3",""
"2009","Poland","Thousand","Males","318,9",""
"2009","Poland","Thousand","Females","145,7",""
"2009","Poland","Percentage","Males","68,6",""
"2009","Poland","Percentage","Females","31,4",""
"2009","Portugal","Thousand","Males","53,9","s"
"2009","Portugal","Thousand","Females","16,3","s"
"2009","Portugal","Percentage","Males","76,7","s"
"2009","Portugal","Percentage","Females","23,3","s"
"2009","Romania","Thousand","Males","110,0",""
"2009","Romania","Thousand","Females","56,7",""
"2009","Romania","Percentage","Males","66,0",""
"2009","Romania","Percentage","Females","34,0",""
"2009","Slovenia","Thousand","Males","26,6",""
"2009","Slovenia","Thousand","Females","8,8",""
"2009","Slovenia","Percentage","Males","75,2",""
"2009","Slovenia","Percentage","Females","24,8",""
"2009","Slovakia","Thousand","Males","52,6",""
"2009","Slovakia","Thousand","Females","26,8",""
"2009","Slovakia","Percentage","Males","66,2",""
"2009","Slovakia","Percentage","Females","33,8",""
"2009","Finland","Thousand","Males","92,9",""
"2009","Finland","Thousand","Females","35,4",""
"2009","Finland","Percentage","Males","72,4",""
"2009","Finland","Percentage","Females","27,6",""
"2009","Sweden","Thousand","Males","210,8",""
"2009","Sweden","Thousand","Females","55,9",""
"2009","Sweden","Percentage","Males","79,0",""
"2009","Sweden","Percentage","Females","21,0",""
"2009","United Kingdom","Thousand","Males","1.093,8",""
"2009","United Kingdom","Thousand","Females","329,4",""
"2009","United Kingdom","Percentage","Males","76,9",""
"2009","United Kingdom","Percentage","Females","23,1",""
"2009","Iceland","Thousand","Males","4,6",""
"2009","Iceland","Thousand","Females","1,6",""
"2009","Iceland","Percentage","Males","74,1",""
"2009","Iceland","Percentage","Females","25,9",""
"2009","Norway","Thousand","Males","76,4",""
"2009","Norway","Thousand","Females","14,1",""
"2009","Norway","Percentage","Males","84,4",""
"2009","Norway","Percentage","Females","15,6",""
"2009","Switzerland","Thousand","Males","160,4",""
"2009","Switzerland","Thousand","Females","35,2",""
"2009","Switzerland","Percentage","Males","82,0",""
"2009","Switzerland","Percentage","Females","18,0",""
"2009","Montenegro","Thousand","Males",":",""
"2009","Montenegro","Thousand","Females",":",""
"2009","Montenegro","Percentage","Males",":",""
"2009","Montenegro","Percentage","Females",":",""
"2009","North Macedonia","Thousand","Males","5,5",""
"2009","North Macedonia","Thousand","Females","1,2",""
"2009","North Macedonia","Percentage","Males","81,8",""
"2009","North Macedonia","Percentage","Females","18,2",""
"2009","Serbia","Thousand","Males",":",""
"2009","Serbia","Thousand","Females",":",""
"2009","Serbia","Percentage","Males",":",""
"2009","Serbia","Percentage","Females",":",""
"2009","Turkey","Thousand","Males","81,8","s"
"2009","Turkey","Thousand","Females","22,0","s"
"2009","Turkey","Percentage","Males","78,8","s"
"2009","Turkey","Percentage","Females","21,2","s"
"2010","European Union - 28 countries (2013-2020)","Thousand","Males","4.941,2","s"
"2010","European Union - 28 countries (2013-2020)","Thousand","Females","1.368,5","s"
"2010","European Union - 28 countries (2013-2020)","Percentage","Males","78,3","s"
"2010","European Union - 28 countries (2013-2020)","Percentage","Females","21,7","s"
"2010","European Union - 27 countries (from 2020)","Thousand","Males","3.863,1","s"
"2010","European Union - 27 countries (from 2020)","Thousand","Females","1.016,8","s"
"2010","European Union - 27 countries (from 2020)","Percentage","Males","79,2","s"
"2010","European Union - 27 countries (from 2020)","Percentage","Females","20,8","s"
"2010","European Union - 15 countries (1995-2004)","Thousand","Males","4.108,8","s"
"2010","European Union - 15 countries (1995-2004)","Thousand","Females","1.000,5","s"
"2010","European Union - 15 countries (1995-2004)","Percentage","Males","80,4","s"
"2010","European Union - 15 countries (1995-2004)","Percentage","Females","19,6","s"
"2010","Euro area - 19 countries  (from 2015)","Thousand","Males","2.872,2","s"
"2010","Euro area - 19 countries  (from 2015)","Thousand","Females","637,0","s"
"2010","Euro area - 19 countries  (from 2015)","Percentage","Males","81,8","s"
"2010","Euro area - 19 countries  (from 2015)","Percentage","Females","18,2","s"
"2010","Belgium","Thousand","Males","111,5","s"
"2010","Belgium","Thousand","Females","22,9","s"
"2010","Belgium","Percentage","Males","82,9","s"
"2010","Belgium","Percentage","Females","17,1","s"
"2010","Bulgaria","Thousand","Males","26,2","bs"
"2010","Bulgaria","Thousand","Females","13,9","bu"
"2010","Bulgaria","Percentage","Males","65,2","bs"
"2010","Bulgaria","Percentage","Females","34,8","bu"
"2010","Czechia","Thousand","Males","159,1","b"
"2010","Czechia","Thousand","Females","44,4","b"
"2010","Czechia","Percentage","Males","78,2","b"
"2010","Czechia","Percentage","Females","21,8","b"
"2010","Denmark","Thousand","Males","72,6","s"
"2010","Denmark","Thousand","Females","18,9","s"
"2010","Denmark","Percentage","Males","79,4","s"
"2010","Denmark","Percentage","Females","20,6","s"
"2010","Germany (until 1990 former territory of the FRG)","Thousand","Males","768,2","bs"
"2010","Germany (until 1990 former territory of the FRG)","Thousand","Females","137,3","bs"
"2010","Germany (until 1990 former territory of the FRG)","Percentage","Males","84,8","bs"
"2010","Germany (until 1990 former territory of the FRG)","Percentage","Females","15,2","bs"
"2010","Estonia","Thousand","Males","13,3",""
"2010","Estonia","Thousand","Females","8,9",""
"2010","Estonia","Percentage","Males","59,9",""
"2010","Estonia","Percentage","Females","40,1",""
"2010","Ireland","Thousand","Males","36,7","s"
"2010","Ireland","Thousand","Females","11,4","s"
"2010","Ireland","Percentage","Males","76,3","s"
"2010","Ireland","Percentage","Females","23,7","s"
"2010","Greece","Thousand","Males","41,5","s"
"2010","Greece","Thousand","Females","13,7","s"
"2010","Greece","Percentage","Males","75,2","s"
"2010","Greece","Percentage","Females","24,8","s"
"2010","Spain","Thousand","Males","355,5","s"
"2010","Spain","Thousand","Females","76,2","s"
"2010","Spain","Percentage","Males","82,4","s"
"2010","Spain","Percentage","Females","17,6","s"
"2010","France","Thousand","Males","483,7","s"
"2010","France","Thousand","Females","113,8","s"
"2010","France","Percentage","Males","81,0","s"
"2010","France","Percentage","Females","19,0","s"
"2010","Croatia","Thousand","Males","27,9",""
"2010","Croatia","Thousand","Females","7,5","u"
"2010","Croatia","Percentage","Males","78,8",""
"2010","Croatia","Percentage","Females","21,2","u"
"2010","Italy","Thousand","Males","387,5","s"
"2010","Italy","Thousand","Females","75,1","s"
"2010","Italy","Percentage","Males","83,8","s"
"2010","Italy","Percentage","Females","16,2","s"
"2010","Cyprus","Thousand","Males","4,2","s"
"2010","Cyprus","Thousand","Females","1,2","u"
"2010","Cyprus","Percentage","Males","77,5","s"
"2010","Cyprus","Percentage","Females","22,5","u"
"2010","Latvia","Thousand","Males","9,9","s"
"2010","Latvia","Thousand","Females","4,2","s"
"2010","Latvia","Percentage","Males","70,5","s"
"2010","Latvia","Percentage","Females","29,5","s"
"2010","Lithuania","Thousand","Males","15,3",""
"2010","Lithuania","Thousand","Females","7,4","u"
"2010","Lithuania","Percentage","Males","67,6",""
"2010","Lithuania","Percentage","Females","32,4","u"
"2010","Luxembourg","Thousand","Males","9,0",""
"2010","Luxembourg","Thousand","Females","1,2",""
"2010","Luxembourg","Percentage","Males","87,8",""
"2010","Luxembourg","Percentage","Females","12,2",""
"2010","Hungary","Thousand","Males","94,9",""
"2010","Hungary","Thousand","Females","60,6",""
"2010","Hungary","Percentage","Males","61,0",""
"2010","Hungary","Percentage","Females","39,0",""
"2010","Malta","Thousand","Males","5,4",""
"2010","Malta","Thousand","Females","2,2",""
"2010","Malta","Percentage","Males","71,6",""
"2010","Malta","Percentage","Females","28,4",""
"2010","Netherlands","Thousand","Males","286,2",""
"2010","Netherlands","Thousand","Females","46,5",""
"2010","Netherlands","Percentage","Males","86,0",""
"2010","Netherlands","Percentage","Females","14,0",""
"2010","Austria","Thousand","Males","107,8",""
"2010","Austria","Thousand","Females","26,4",""
"2010","Austria","Percentage","Males","80,4",""
"2010","Austria","Percentage","Females","19,6",""
"2010","Poland","Thousand","Males","301,9","b"
"2010","Poland","Thousand","Females","136,0","b"
"2010","Poland","Percentage","Males","68,9","b"
"2010","Poland","Percentage","Females","31,1","b"
"2010","Portugal","Thousand","Males","56,6","s"
"2010","Portugal","Thousand","Females","16,8","s"
"2010","Portugal","Percentage","Males","77,1","s"
"2010","Portugal","Percentage","Females","22,9","s"
"2010","Romania","Thousand","Males","96,5","b"
"2010","Romania","Thousand","Females","43,1","b"
"2010","Romania","Percentage","Males","69,1","b"
"2010","Romania","Percentage","Females","30,9","b"
"2010","Slovenia","Thousand","Males","25,7",""
"2010","Slovenia","Thousand","Females","9,1",""
"2010","Slovenia","Percentage","Males","73,8",""
"2010","Slovenia","Percentage","Females","26,2",""
"2010","Slovakia","Thousand","Males","52,1",""
"2010","Slovakia","Thousand","Females","29,5",""
"2010","Slovakia","Percentage","Males","63,9",""
"2010","Slovakia","Percentage","Females","36,1",""
"2010","Finland","Thousand","Males","102,1",""
"2010","Finland","Thousand","Females","33,2",""
"2010","Finland","Percentage","Males","75,5",""
"2010","Finland","Percentage","Females","24,5",""
"2010","Sweden","Thousand","Males","211,9",""
"2010","Sweden","Thousand","Females","55,4",""
"2010","Sweden","Percentage","Males","79,3",""
"2010","Sweden","Percentage","Females","20,7",""
"2010","United Kingdom","Thousand","Males","1.078,2",""
"2010","United Kingdom","Thousand","Females","351,7",""
"2010","United Kingdom","Percentage","Males","75,4",""
"2010","United Kingdom","Percentage","Females","24,6",""
"2010","Iceland","Thousand","Males","4,5",""
"2010","Iceland","Thousand","Females","1,5",""
"2010","Iceland","Percentage","Males","74,4",""
"2010","Iceland","Percentage","Females","25,6",""
"2010","Norway","Thousand","Males","74,0",""
"2010","Norway","Thousand","Females","14,3",""
"2010","Norway","Percentage","Males","83,8",""
"2010","Norway","Percentage","Females","16,2",""
"2010","Switzerland","Thousand","Males","140,5","b"
"2010","Switzerland","Thousand","Females","29,3","b"
"2010","Switzerland","Percentage","Males","82,7","b"
"2010","Switzerland","Percentage","Females","17,3","b"
"2010","Montenegro","Thousand","Males",":",""
"2010","Montenegro","Thousand","Females",":",""
"2010","Montenegro","Percentage","Males",":",""
"2010","Montenegro","Percentage","Females",":",""
"2010","North Macedonia","Thousand","Males","6,8",""
"2010","North Macedonia","Thousand","Females","1,5",""
"2010","North Macedonia","Percentage","Males","81,6",""
"2010","North Macedonia","Percentage","Females","18,4",""
"2010","Serbia","Thousand","Males","13,7","s"
"2010","Serbia","Thousand","Females",":","u"
"2010","Serbia","Percentage","Males","80,1","s"
"2010","Serbia","Percentage","Females",":","u"
"2010","Turkey","Thousand","Males","88,3","s"
"2010","Turkey","Thousand","Females","25,7","s"
"2010","Turkey","Percentage","Males","77,5","s"
"2010","Turkey","Percentage","Females","22,5","s"
"2011","European Union - 28 countries (2013-2020)","Thousand","Males","5.379,2","bs"
"2011","European Union - 28 countries (2013-2020)","Thousand","Females","1.012,5","bs"
"2011","European Union - 28 countries (2013-2020)","Percentage","Males","84,2","bs"
"2011","European Union - 28 countries (2013-2020)","Percentage","Females","15,8","bs"
"2011","European Union - 27 countries (from 2020)","Thousand","Males","4.229,8","bs"
"2011","European Union - 27 countries (from 2020)","Thousand","Females","798,8","bs"
"2011","European Union - 27 countries (from 2020)","Percentage","Males","84,1","bs"
"2011","European Union - 27 countries (from 2020)","Percentage","Females","15,9","bs"
"2011","European Union - 15 countries (1995-2004)","Thousand","Males","4.534,1","bs"
"2011","European Union - 15 countries (1995-2004)","Thousand","Females","854,5","bs"
"2011","European Union - 15 countries (1995-2004)","Percentage","Males","84,1","bs"
"2011","European Union - 15 countries (1995-2004)","Percentage","Females","15,9","bs"
"2011","Euro area - 19 countries  (from 2015)","Thousand","Males","3.233,0","bs"
"2011","Euro area - 19 countries  (from 2015)","Thousand","Females","606,2","bs"
"2011","Euro area - 19 countries  (from 2015)","Percentage","Males","84,2","bs"
"2011","Euro area - 19 countries  (from 2015)","Percentage","Females","15,8","bs"
"2011","Belgium","Thousand","Males","135,0","bs"
"2011","Belgium","Thousand","Females","24,2","bs"
"2011","Belgium","Percentage","Males","84,8","bs"
"2011","Belgium","Percentage","Females","15,2","bs"
"2011","Bulgaria","Thousand","Males","36,0","bs"
"2011","Bulgaria","Thousand","Females","18,0","bs"
"2011","Bulgaria","Percentage","Males","66,6","bs"
"2011","Bulgaria","Percentage","Females","33,4","bs"
"2011","Czechia","Thousand","Males","141,9","b"
"2011","Czechia","Thousand","Females","16,8","b"
"2011","Czechia","Percentage","Males","89,4","b"
"2011","Czechia","Percentage","Females","10,6","b"
"2011","Denmark","Thousand","Males","81,4","bs"
"2011","Denmark","Thousand","Females","16,9","bs"
"2011","Denmark","Percentage","Males","82,8","bs"
"2011","Denmark","Percentage","Females","17,2","bs"
"2011","Germany (until 1990 former territory of the FRG)","Thousand","Males","865,6","bs"
"2011","Germany (until 1990 former territory of the FRG)","Thousand","Females","134,6","bs"
"2011","Germany (until 1990 former territory of the FRG)","Percentage","Males","86,5","bs"
"2011","Germany (until 1990 former territory of the FRG)","Percentage","Females","13,5","bs"
"2011","Estonia","Thousand","Males","16,0","b"
"2011","Estonia","Thousand","Females","4,8","b"
"2011","Estonia","Percentage","Males","77,0","b"
"2011","Estonia","Percentage","Females","23,0","b"
"2011","Ireland","Thousand","Males","64,6","b"
"2011","Ireland","Thousand","Females","20,3","b"
"2011","Ireland","Percentage","Males","76,1","b"
"2011","Ireland","Percentage","Females","23,9","b"
"2011","Greece","Thousand","Males","42,9","bs"
"2011","Greece","Thousand","Females","7,8","bs"
"2011","Greece","Percentage","Males","84,6","bs"
"2011","Greece","Percentage","Females","15,4","bs"
"2011","Spain","Thousand","Males","394,6","bs"
"2011","Spain","Thousand","Females","94,7","bs"
"2011","Spain","Percentage","Males","80,7","bs"
"2011","Spain","Percentage","Females","19,3","bs"
"2011","France","Thousand","Males","519,9","b"
"2011","France","Thousand","Females","116,7","b"
"2011","France","Percentage","Males","81,7","b"
"2011","France","Percentage","Females","18,3","b"
"2011","Croatia","Thousand","Males","33,7","b"
"2011","Croatia","Thousand","Females","5,1","bu"
"2011","Croatia","Percentage","Males","86,7","b"
"2011","Croatia","Percentage","Females","13,3","bu"
"2011","Italy","Thousand","Males","448,3","bs"
"2011","Italy","Thousand","Females","75,5","bs"
"2011","Italy","Percentage","Males","85,6","bs"
"2011","Italy","Percentage","Females","14,4","bs"
"2011","Cyprus","Thousand","Males","6,6","bs"
"2011","Cyprus","Thousand","Females","1,4","bu"
"2011","Cyprus","Percentage","Males","82,4","bs"
"2011","Cyprus","Percentage","Females","17,6","bu"
"2011","Latvia","Thousand","Males","13,3","bs"
"2011","Latvia","Thousand","Females","4,4","bs"
"2011","Latvia","Percentage","Males","75,2","bs"
"2011","Latvia","Percentage","Females","24,8","bs"
"2011","Lithuania","Thousand","Males","18,4","b"
"2011","Lithuania","Thousand","Females",":","bu"
"2011","Lithuania","Percentage","Males","80,7","b"
"2011","Lithuania","Percentage","Females",":","bu"
"2011","Luxembourg","Thousand","Males","8,5","b"
"2011","Luxembourg","Thousand","Females","1,2","b"
"2011","Luxembourg","Percentage","Males","87,5","b"
"2011","Luxembourg","Percentage","Females","12,5","b"
"2011","Hungary","Thousand","Males","92,3","b"
"2011","Hungary","Thousand","Females","9,7","b"
"2011","Hungary","Percentage","Males","90,5","b"
"2011","Hungary","Percentage","Females","9,5","b"
"2011","Malta","Thousand","Males","4,5","b"
"2011","Malta","Thousand","Females","0,9","b"
"2011","Malta","Percentage","Males","83,7","b"
"2011","Malta","Percentage","Females","16,3","b"
"2011","Netherlands","Thousand","Males","321,1","b"
"2011","Netherlands","Thousand","Females","44,3","b"
"2011","Netherlands","Percentage","Males","87,9","b"
"2011","Netherlands","Percentage","Females","12,1","b"
"2011","Austria","Thousand","Males","125,9","b"
"2011","Austria","Thousand","Females","19,1","b"
"2011","Austria","Percentage","Males","86,8","b"
"2011","Austria","Percentage","Females","13,2","b"
"2011","Poland","Thousand","Males","304,7","b"
"2011","Poland","Thousand","Females","49,9","b"
"2011","Poland","Percentage","Males","85,9","b"
"2011","Poland","Percentage","Females","14,1","b"
"2011","Portugal","Thousand","Males","56,5","bs"
"2011","Portugal","Thousand","Females","9,7","bs"
"2011","Portugal","Percentage","Males","85,4","bs"
"2011","Portugal","Percentage","Females","14,6","bs"
"2011","Romania","Thousand","Males","97,7","b"
"2011","Romania","Thousand","Females","27,1","b"
"2011","Romania","Percentage","Males","78,3","b"
"2011","Romania","Percentage","Females","21,7","b"
"2011","Slovenia","Thousand","Males","27,9","b"
"2011","Slovenia","Thousand","Females","5,2","b"
"2011","Slovenia","Percentage","Males","84,2","b"
"2011","Slovenia","Percentage","Females","15,8","b"
"2011","Slovakia","Thousand","Males","52,0","b"
"2011","Slovakia","Thousand","Females","10,3","b"
"2011","Slovakia","Percentage","Males","83,5","b"
"2011","Slovakia","Percentage","Females","16,5","b"
"2011","Finland","Thousand","Males","111,1","b"
"2011","Finland","Thousand","Females","26,8","b"
"2011","Finland","Percentage","Males","80,6","b"
"2011","Finland","Percentage","Females","19,4","b"
"2011","Sweden","Thousand","Males","209,2","b"
"2011","Sweden","Thousand","Females","49,1","b"
"2011","Sweden","Percentage","Males","81,0","b"
"2011","Sweden","Percentage","Females","19,0","b"
"2011","United Kingdom","Thousand","Males","1.149,4","b"
"2011","United Kingdom","Thousand","Females","213,7","b"
"2011","United Kingdom","Percentage","Males","84,3","b"
"2011","United Kingdom","Percentage","Females","15,7","b"
"2011","Iceland","Thousand","Males","4,6","bs"
"2011","Iceland","Thousand","Females","0,8","bs"
"2011","Iceland","Percentage","Males","84,9","bs"
"2011","Iceland","Percentage","Females","15,1","bs"
"2011","Norway","Thousand","Males","93,1","b"
"2011","Norway","Thousand","Females","16,8","b"
"2011","Norway","Percentage","Males","84,7","b"
"2011","Norway","Percentage","Females","15,3","b"
"2011","Switzerland","Thousand","Males","162,8","b"
"2011","Switzerland","Thousand","Females","23,4","b"
"2011","Switzerland","Percentage","Males","87,4","b"
"2011","Switzerland","Percentage","Females","12,6","b"
"2011","Montenegro","Thousand","Males","2,8","b"
"2011","Montenegro","Thousand","Females",":","bu"
"2011","Montenegro","Percentage","Males","82,5","b"
"2011","Montenegro","Percentage","Females",":","bu"
"2011","North Macedonia","Thousand","Males","6,8","b"
"2011","North Macedonia","Thousand","Females","1,8","b"
"2011","North Macedonia","Percentage","Males","79,5","b"
"2011","North Macedonia","Percentage","Females","20,5","b"
"2011","Serbia","Thousand","Males",":",""
"2011","Serbia","Thousand","Females",":",""
"2011","Serbia","Percentage","Males",":",""
"2011","Serbia","Percentage","Females",":",""
"2011","Turkey","Thousand","Males","166,3","s"
"2011","Turkey","Thousand","Females","18,5","s"
"2011","Turkey","Percentage","Males","90,0","s"
"2011","Turkey","Percentage","Females","10,0","s"
"2012","European Union - 28 countries (2013-2020)","Thousand","Males","5.833,8","s"
"2012","European Union - 28 countries (2013-2020)","Thousand","Females","1.128,7","s"
"2012","European Union - 28 countries (2013-2020)","Percentage","Males","83,8","s"
"2012","European Union - 28 countries (2013-2020)","Percentage","Females","16,2","s"
"2012","European Union - 27 countries (from 2020)","Thousand","Males","4.630,5","s"
"2012","European Union - 27 countries (from 2020)","Thousand","Females","903,1","s"
"2012","European Union - 27 countries (from 2020)","Percentage","Males","83,7","s"
"2012","European Union - 27 countries (from 2020)","Percentage","Females","16,3","s"
"2012","European Union - 15 countries (1995-2004)","Thousand","Males","4.932,0","s"
"2012","European Union - 15 countries (1995-2004)","Thousand","Females","951,6","s"
"2012","European Union - 15 countries (1995-2004)","Percentage","Males","83,8","s"
"2012","European Union - 15 countries (1995-2004)","Percentage","Females","16,2","s"
"2012","Euro area - 19 countries  (from 2015)","Thousand","Males","3.559,6","s"
"2012","Euro area - 19 countries  (from 2015)","Thousand","Females","683,7","s"
"2012","Euro area - 19 countries  (from 2015)","Percentage","Males","83,9","s"
"2012","Euro area - 19 countries  (from 2015)","Percentage","Females","16,1","s"
"2012","Belgium","Thousand","Males","161,5",""
"2012","Belgium","Thousand","Females","33,4",""
"2012","Belgium","Percentage","Males","82,9",""
"2012","Belgium","Percentage","Females","17,1",""
"2012","Bulgaria","Thousand","Males","33,4","s"
"2012","Bulgaria","Thousand","Females","16,4","s"
"2012","Bulgaria","Percentage","Males","67,1","s"
"2012","Bulgaria","Percentage","Females","32,9","s"
"2012","Czechia","Thousand","Males","147,8",""
"2012","Czechia","Thousand","Females","20,8",""
"2012","Czechia","Percentage","Males","87,7",""
"2012","Czechia","Percentage","Females","12,3",""
"2012","Denmark","Thousand","Males","88,8","s"
"2012","Denmark","Thousand","Females","18,5","s"
"2012","Denmark","Percentage","Males","82,7","s"
"2012","Denmark","Percentage","Females","17,3","s"
"2012","Germany (until 1990 former territory of the FRG)","Thousand","Males","1.148,0","b"
"2012","Germany (until 1990 former territory of the FRG)","Thousand","Females","205,5","b"
"2012","Germany (until 1990 former territory of the FRG)","Percentage","Males","84,8","b"
"2012","Germany (until 1990 former territory of the FRG)","Percentage","Females","15,2","b"
"2012","Estonia","Thousand","Males","17,3",""
"2012","Estonia","Thousand","Females","6,0",""
"2012","Estonia","Percentage","Males","74,2",""
"2012","Estonia","Percentage","Females","25,8",""
"2012","Ireland","Thousand","Males","66,4",""
"2012","Ireland","Thousand","Females","19,3",""
"2012","Ireland","Percentage","Males","77,5",""
"2012","Ireland","Percentage","Females","22,5",""
"2012","Greece","Thousand","Males","41,2","s"
"2012","Greece","Thousand","Females","9,2","s"
"2012","Greece","Percentage","Males","81,7","s"
"2012","Greece","Percentage","Females","18,3","s"
"2012","Spain","Thousand","Males","370,9","s"
"2012","Spain","Thousand","Females","72,7","s"
"2012","Spain","Percentage","Males","83,6","s"
"2012","Spain","Percentage","Females","16,4","s"
"2012","France","Thousand","Males","523,9",""
"2012","France","Thousand","Females","118,0",""
"2012","France","Percentage","Males","81,6",""
"2012","France","Percentage","Females","18,4",""
"2012","Croatia","Thousand","Males","33,1",""
"2012","Croatia","Thousand","Females","5,7","u"
"2012","Croatia","Percentage","Males","85,2",""
"2012","Croatia","Percentage","Females","14,8","u"
"2012","Italy","Thousand","Males","460,7","s"
"2012","Italy","Thousand","Females","86,8","s"
"2012","Italy","Percentage","Males","84,1","s"
"2012","Italy","Percentage","Females","15,9","s"
"2012","Cyprus","Thousand","Males","6,7","s"
"2012","Cyprus","Thousand","Females","1,5","u"
"2012","Cyprus","Percentage","Males","82,1","s"
"2012","Cyprus","Percentage","Females","17,9","u"
"2012","Latvia","Thousand","Males","12,0","s"
"2012","Latvia","Thousand","Females","3,2","s"
"2012","Latvia","Percentage","Males","79,1","s"
"2012","Latvia","Percentage","Females","20,9","s"
"2012","Lithuania","Thousand","Males","18,7",""
"2012","Lithuania","Thousand","Females","5,6","u"
"2012","Lithuania","Percentage","Males","76,8",""
"2012","Lithuania","Percentage","Females","23,2","u"
"2012","Luxembourg","Thousand","Males","10,6",""
"2012","Luxembourg","Thousand","Females","1,2",""
"2012","Luxembourg","Percentage","Males","89,5",""
"2012","Luxembourg","Percentage","Females","10,5",""
"2012","Hungary","Thousand","Males","110,5",""
"2012","Hungary","Thousand","Females","13,0",""
"2012","Hungary","Percentage","Males","89,4",""
"2012","Hungary","Percentage","Females","10,6",""
"2012","Malta","Thousand","Males","5,2",""
"2012","Malta","Thousand","Females","0,6","u"
"2012","Malta","Percentage","Males","89,5",""
"2012","Malta","Percentage","Females","10,5","u"
"2012","Netherlands","Thousand","Males","330,6",""
"2012","Netherlands","Thousand","Females","49,8",""
"2012","Netherlands","Percentage","Males","86,9",""
"2012","Netherlands","Percentage","Females","13,1",""
"2012","Austria","Thousand","Males","122,5",""
"2012","Austria","Thousand","Females","24,5",""
"2012","Austria","Percentage","Males","83,3",""
"2012","Austria","Percentage","Females","16,7",""
"2012","Poland","Thousand","Males","330,3",""
"2012","Poland","Thousand","Females","62,9",""
"2012","Poland","Percentage","Males","84,0",""
"2012","Poland","Percentage","Females","16,0",""
"2012","Portugal","Thousand","Males","65,9","s"
"2012","Portugal","Thousand","Females","8,9","s"
"2012","Portugal","Percentage","Males","88,1","s"
"2012","Portugal","Percentage","Females","11,9","s"
"2012","Romania","Thousand","Males","109,5",""
"2012","Romania","Thousand","Females","29,6",""
"2012","Romania","Percentage","Males","78,7",""
"2012","Romania","Percentage","Females","21,3",""
"2012","Slovenia","Thousand","Males","26,4",""
"2012","Slovenia","Thousand","Females","4,3",""
"2012","Slovenia","Percentage","Males","86,1",""
"2012","Slovenia","Percentage","Females","13,9",""
"2012","Slovakia","Thousand","Males","50,9",""
"2012","Slovakia","Thousand","Females","7,6",""
"2012","Slovakia","Percentage","Males","87,1",""
"2012","Slovakia","Percentage","Females","12,9",""
"2012","Finland","Thousand","Males","120,1",""
"2012","Finland","Thousand","Females","25,6",""
"2012","Finland","Percentage","Males","82,5",""
"2012","Finland","Percentage","Females","17,5",""
"2012","Sweden","Thousand","Males","217,7",""
"2012","Sweden","Thousand","Females","52,3",""
"2012","Sweden","Percentage","Males","80,6",""
"2012","Sweden","Percentage","Females","19,4",""
"2012","United Kingdom","Thousand","Males","1.203,2",""
"2012","United Kingdom","Thousand","Females","225,6",""
"2012","United Kingdom","Percentage","Males","84,2",""
"2012","United Kingdom","Percentage","Females","15,8",""
"2012","Iceland","Thousand","Males","4,3","s"
"2012","Iceland","Thousand","Females","0,9","s"
"2012","Iceland","Percentage","Males","82,6","s"
"2012","Iceland","Percentage","Females","17,4","s"
"2012","Norway","Thousand","Males","96,1",""
"2012","Norway","Thousand","Females","16,2",""
"2012","Norway","Percentage","Males","85,6",""
"2012","Norway","Percentage","Females","14,4",""
"2012","Switzerland","Thousand","Males","177,3",""
"2012","Switzerland","Thousand","Females","26,1",""
"2012","Switzerland","Percentage","Males","87,2",""
"2012","Switzerland","Percentage","Females","12,8",""
"2012","Montenegro","Thousand","Males","2,5",""
"2012","Montenegro","Thousand","Females",":","u"
"2012","Montenegro","Percentage","Males","67,3",""
"2012","Montenegro","Percentage","Females",":","u"
"2012","North Macedonia","Thousand","Males","6,6",""
"2012","North Macedonia","Thousand","Females","1,9",""
"2012","North Macedonia","Percentage","Males","78,0",""
"2012","North Macedonia","Percentage","Females","22,0",""
"2012","Serbia","Thousand","Males",":",""
"2012","Serbia","Thousand","Females",":",""
"2012","Serbia","Percentage","Males",":",""
"2012","Serbia","Percentage","Females",":",""
"2012","Turkey","Thousand","Males","198,4","bs"
"2012","Turkey","Thousand","Females","25,4","bs"
"2012","Turkey","Percentage","Males","88,7","bs"
"2012","Turkey","Percentage","Females","11,3","bs"
"2013","European Union - 28 countries (2013-2020)","Thousand","Males","6.084,4","s"
"2013","European Union - 28 countries (2013-2020)","Thousand","Females","1.201,4","s"
"2013","European Union - 28 countries (2013-2020)","Percentage","Males","83,5","s"
"2013","European Union - 28 countries (2013-2020)","Percentage","Females","16,5","s"
"2013","European Union - 27 countries (from 2020)","Thousand","Males","4.914,5","s"
"2013","European Union - 27 countries (from 2020)","Thousand","Females","965,4","s"
"2013","European Union - 27 countries (from 2020)","Percentage","Males","83,6","s"
"2013","European Union - 27 countries (from 2020)","Percentage","Females","16,4","s"
"2013","European Union - 15 countries (1995-2004)","Thousand","Males","5.117,5","s"
"2013","European Union - 15 countries (1995-2004)","Thousand","Females","1.031,5","s"
"2013","European Union - 15 countries (1995-2004)","Percentage","Males","83,2","s"
"2013","European Union - 15 countries (1995-2004)","Percentage","Females","16,8","s"
"2013","Euro area - 19 countries  (from 2015)","Thousand","Males","3.789,1","s"
"2013","Euro area - 19 countries  (from 2015)","Thousand","Females","748,5","s"
"2013","Euro area - 19 countries  (from 2015)","Percentage","Males","83,5","s"
"2013","Euro area - 19 countries  (from 2015)","Percentage","Females","16,5","s"
"2013","Belgium","Thousand","Males","159,9",""
"2013","Belgium","Thousand","Females","29,4",""
"2013","Belgium","Percentage","Males","84,5",""
"2013","Belgium","Percentage","Females","15,5",""
"2013","Bulgaria","Thousand","Males","48,4","s"
"2013","Bulgaria","Thousand","Females","18,0","s"
"2013","Bulgaria","Percentage","Males","72,9","s"
"2013","Bulgaria","Percentage","Females","27,1","s"
"2013","Czechia","Thousand","Males","165,3",""
"2013","Czechia","Thousand","Females","18,2",""
"2013","Czechia","Percentage","Males","90,1",""
"2013","Czechia","Percentage","Females","9,9",""
"2013","Denmark","Thousand","Males","90,9","s"
"2013","Denmark","Thousand","Females","18,9","s"
"2013","Denmark","Percentage","Males","82,8","s"
"2013","Denmark","Percentage","Females","17,2","s"
"2013","Germany (until 1990 former territory of the FRG)","Thousand","Males","1.178,8",""
"2013","Germany (until 1990 former territory of the FRG)","Thousand","Females","218,4",""
"2013","Germany (until 1990 former territory of the FRG)","Percentage","Males","84,4",""
"2013","Germany (until 1990 former territory of the FRG)","Percentage","Females","15,6",""
"2013","Estonia","Thousand","Males","20,7",""
"2013","Estonia","Thousand","Females","5,1",""
"2013","Estonia","Percentage","Males","80,4",""
"2013","Estonia","Percentage","Females","19,6",""
"2013","Ireland","Thousand","Males","67,4",""
"2013","Ireland","Thousand","Females","20,3",""
"2013","Ireland","Percentage","Males","76,8",""
"2013","Ireland","Percentage","Females","23,2",""
"2013","Greece","Thousand","Males","45,5","s"
"2013","Greece","Thousand","Females","10,0","s"
"2013","Greece","Percentage","Males","82,0","s"
"2013","Greece","Percentage","Females","18,0","s"
"2013","Spain","Thousand","Males","364,3","s"
"2013","Spain","Thousand","Females","86,2","s"
"2013","Spain","Percentage","Males","80,9","s"
"2013","Spain","Percentage","Females","19,1","s"
"2013","France","Thousand","Males","676,8","b"
"2013","France","Thousand","Females","161,8","b"
"2013","France","Percentage","Males","80,7","b"
"2013","France","Percentage","Females","19,3","b"
"2013","Croatia","Thousand","Males","32,1",""
"2013","Croatia","Thousand","Females","6,6","u"
"2013","Croatia","Percentage","Males","83,0",""
"2013","Croatia","Percentage","Females","17,0","u"
"2013","Italy","Thousand","Males","480,0","s"
"2013","Italy","Thousand","Females","78,7","s"
"2013","Italy","Percentage","Males","85,9","s"
"2013","Italy","Percentage","Females","14,1","s"
"2013","Cyprus","Thousand","Males","7,3","s"
"2013","Cyprus","Thousand","Females","1,2","u"
"2013","Cyprus","Percentage","Males","85,9","s"
"2013","Cyprus","Percentage","Females","14,1","u"
"2013","Latvia","Thousand","Males","14,2","s"
"2013","Latvia","Thousand","Females","3,7","s"
"2013","Latvia","Percentage","Males","79,5","s"
"2013","Latvia","Percentage","Females","20,5","s"
"2013","Lithuania","Thousand","Males","19,3",""
"2013","Lithuania","Thousand","Females","4,1","u"
"2013","Lithuania","Percentage","Males","82,4",""
"2013","Lithuania","Percentage","Females","17,6","u"
"2013","Luxembourg","Thousand","Males","10,2",""
"2013","Luxembourg","Thousand","Females","1,3",""
"2013","Luxembourg","Percentage","Males","88,5",""
"2013","Luxembourg","Percentage","Females","11,5",""
"2013","Hungary","Thousand","Males","123,1",""
"2013","Hungary","Thousand","Females","13,8",""
"2013","Hungary","Percentage","Males","89,9",""
"2013","Hungary","Percentage","Females","10,1",""
"2013","Malta","Thousand","Males","5,2",""
"2013","Malta","Thousand","Females","0,8","u"
"2013","Malta","Percentage","Males","86,1",""
"2013","Malta","Percentage","Females","13,9","u"
"2013","Netherlands","Thousand","Males","327,5","b"
"2013","Netherlands","Thousand","Females","55,2","b"
"2013","Netherlands","Percentage","Males","85,6","b"
"2013","Netherlands","Percentage","Females","14,4","b"
"2013","Austria","Thousand","Males","131,2",""
"2013","Austria","Thousand","Females","21,4",""
"2013","Austria","Percentage","Males","86,0",""
"2013","Austria","Percentage","Females","14,0",""
"2013","Poland","Thousand","Males","346,0",""
"2013","Poland","Thousand","Females","57,3",""
"2013","Poland","Percentage","Males","85,8",""
"2013","Poland","Percentage","Females","14,2",""
"2013","Portugal","Thousand","Males","73,4","s"
"2013","Portugal","Thousand","Females","9,6","s"
"2013","Portugal","Percentage","Males","88,4","s"
"2013","Portugal","Percentage","Females","11,6","s"
"2013","Romania","Thousand","Males","104,7",""
"2013","Romania","Thousand","Females","31,7",""
"2013","Romania","Percentage","Males","76,7",""
"2013","Romania","Percentage","Females","23,3",""
"2013","Slovenia","Thousand","Males","26,6",""
"2013","Slovenia","Thousand","Females","3,9","u"
"2013","Slovenia","Percentage","Males","87,3",""
"2013","Slovenia","Percentage","Females","12,7","u"
"2013","Slovakia","Thousand","Males","54,0",""
"2013","Slovakia","Thousand","Females","5,4",""
"2013","Slovakia","Percentage","Males","90,9",""
"2013","Slovakia","Percentage","Females","9,1",""
"2013","Finland","Thousand","Males","126,8",""
"2013","Finland","Thousand","Females","32,0",""
"2013","Finland","Percentage","Males","79,9",""
"2013","Finland","Percentage","Females","20,1",""
"2013","Sweden","Thousand","Males","214,9",""
"2013","Sweden","Thousand","Females","52,4",""
"2013","Sweden","Percentage","Males","80,4",""
"2013","Sweden","Percentage","Females","19,6",""
"2013","United Kingdom","Thousand","Males","1.169,9",""
"2013","United Kingdom","Thousand","Females","235,9",""
"2013","United Kingdom","Percentage","Males","83,2",""
"2013","United Kingdom","Percentage","Females","16,8",""
"2013","Iceland","Thousand","Males","5,1","s"
"2013","Iceland","Thousand","Females","1,1","s"
"2013","Iceland","Percentage","Males","82,9","s"
"2013","Iceland","Percentage","Females","17,1","s"
"2013","Norway","Thousand","Males","90,0",""
"2013","Norway","Thousand","Females","17,9",""
"2013","Norway","Percentage","Males","83,4",""
"2013","Norway","Percentage","Females","16,6",""
"2013","Switzerland","Thousand","Males","178,2",""
"2013","Switzerland","Thousand","Females","29,3",""
"2013","Switzerland","Percentage","Males","85,9",""
"2013","Switzerland","Percentage","Females","14,1",""
"2013","Montenegro","Thousand","Males","3,1",""
"2013","Montenegro","Thousand","Females",":","u"
"2013","Montenegro","Percentage","Males","73,5",""
"2013","Montenegro","Percentage","Females",":","u"
"2013","North Macedonia","Thousand","Males","6,9",""
"2013","North Macedonia","Thousand","Females","1,8",""
"2013","North Macedonia","Percentage","Males","79,0",""
"2013","North Macedonia","Percentage","Females","21,0",""
"2013","Serbia","Thousand","Males","35,0",""
"2013","Serbia","Thousand","Females","7,7",""
"2013","Serbia","Percentage","Males","82,0",""
"2013","Serbia","Percentage","Females","18,0",""
"2013","Turkey","Thousand","Males","206,4","s"
"2013","Turkey","Thousand","Females","31,6","s"
"2013","Turkey","Percentage","Males","86,7","s"
"2013","Turkey","Percentage","Females","13,3","s"
"2014","European Union - 28 countries (2013-2020)","Thousand","Males","6.290,9","s"
"2014","European Union - 28 countries (2013-2020)","Thousand","Females","1.194,9","s"
"2014","European Union - 28 countries (2013-2020)","Percentage","Males","84,0","s"
"2014","European Union - 28 countries (2013-2020)","Percentage","Females","16,0","s"
"2014","European Union - 27 countries (from 2020)","Thousand","Males","5.073,7","s"
"2014","European Union - 27 countries (from 2020)","Thousand","Females","954,2","s"
"2014","European Union - 27 countries (from 2020)","Percentage","Males","84,2","s"
"2014","European Union - 27 countries (from 2020)","Percentage","Females","15,8","s"
"2014","European Union - 15 countries (1995-2004)","Thousand","Males","5.322,2","s"
"2014","European Union - 15 countries (1995-2004)","Thousand","Females","1.022,8","s"
"2014","European Union - 15 countries (1995-2004)","Percentage","Males","83,9","s"
"2014","European Union - 15 countries (1995-2004)","Percentage","Females","16,1","s"
"2014","Euro area - 19 countries  (from 2015)","Thousand","Males","3.945,7","s"
"2014","Euro area - 19 countries  (from 2015)","Thousand","Females","738,8","s"
"2014","Euro area - 19 countries  (from 2015)","Percentage","Males","84,2","s"
"2014","Euro area - 19 countries  (from 2015)","Percentage","Females","15,8","s"
"2014","Belgium","Thousand","Males","163,2",""
"2014","Belgium","Thousand","Females","29,2",""
"2014","Belgium","Percentage","Males","84,8",""
"2014","Belgium","Percentage","Females","15,2",""
"2014","Bulgaria","Thousand","Males","37,5","s"
"2014","Bulgaria","Thousand","Females","17,8","s"
"2014","Bulgaria","Percentage","Males","67,8","s"
"2014","Bulgaria","Percentage","Females","32,2","s"
"2014","Czechia","Thousand","Males","150,8",""
"2014","Czechia","Thousand","Females","17,3",""
"2014","Czechia","Percentage","Males","89,7",""
"2014","Czechia","Percentage","Females","10,3",""
"2014","Denmark","Thousand","Males","86,8","s"
"2014","Denmark","Thousand","Females","17,2","s"
"2014","Denmark","Percentage","Males","83,5","s"
"2014","Denmark","Percentage","Females","16,5","s"
"2014","Germany (until 1990 former territory of the FRG)","Thousand","Males","1.183,4",""
"2014","Germany (until 1990 former territory of the FRG)","Thousand","Females","234,5",""
"2014","Germany (until 1990 former territory of the FRG)","Percentage","Males","83,5",""
"2014","Germany (until 1990 former territory of the FRG)","Percentage","Females","16,5",""
"2014","Estonia","Thousand","Males","19,8",""
"2014","Estonia","Thousand","Females","4,7",""
"2014","Estonia","Percentage","Males","80,9",""
"2014","Estonia","Percentage","Females","19,1",""
"2014","Ireland","Thousand","Males","71,9",""
"2014","Ireland","Thousand","Females","18,8",""
"2014","Ireland","Percentage","Males","79,3",""
"2014","Ireland","Percentage","Females","20,7",""
"2014","Greece","Thousand","Males","38,2","s"
"2014","Greece","Thousand","Females","7,9","s"
"2014","Greece","Percentage","Males","82,9","s"
"2014","Greece","Percentage","Females","17,1","s"
"2014","Spain","Thousand","Males","437,7","s"
"2014","Spain","Thousand","Females","95,9","s"
"2014","Spain","Percentage","Males","82,0","s"
"2014","Spain","Percentage","Females","18,0","s"
"2014","France","Thousand","Males","706,5","b"
"2014","France","Thousand","Females","130,3","b"
"2014","France","Percentage","Males","84,4","b"
"2014","France","Percentage","Females","15,6","b"
"2014","Croatia","Thousand","Males","36,1",""
"2014","Croatia","Thousand","Females","6,0","u"
"2014","Croatia","Percentage","Males","85,8",""
"2014","Croatia","Percentage","Females","14,2","u"
"2014","Italy","Thousand","Males","479,9","s"
"2014","Italy","Thousand","Females","76,2","s"
"2014","Italy","Percentage","Males","86,3","s"
"2014","Italy","Percentage","Females","13,7","s"
"2014","Cyprus","Thousand","Males","7,6","s"
"2014","Cyprus","Thousand","Females","1,0","u"
"2014","Cyprus","Percentage","Males","88,1","s"
"2014","Cyprus","Percentage","Females","11,9","u"
"2014","Latvia","Thousand","Males","13,7","s"
"2014","Latvia","Thousand","Females","4,2","s"
"2014","Latvia","Percentage","Males","76,6","s"
"2014","Latvia","Percentage","Females","23,4","s"
"2014","Lithuania","Thousand","Males","19,2",""
"2014","Lithuania","Thousand","Females","3,8","u"
"2014","Lithuania","Percentage","Males","83,4",""
"2014","Lithuania","Percentage","Females","16,6","u"
"2014","Luxembourg","Thousand","Males","11,3",""
"2014","Luxembourg","Thousand","Females","1,4",""
"2014","Luxembourg","Percentage","Males","89,2",""
"2014","Luxembourg","Percentage","Females","10,8",""
"2014","Hungary","Thousand","Males","127,4",""
"2014","Hungary","Thousand","Females","16,8",""
"2014","Hungary","Percentage","Males","88,3",""
"2014","Hungary","Percentage","Females","11,7",""
"2014","Malta","Thousand","Males","5,8",""
"2014","Malta","Thousand","Females","1,0",""
"2014","Malta","Percentage","Males","84,9",""
"2014","Malta","Percentage","Females","15,1",""
"2014","Netherlands","Thousand","Males","354,4",""
"2014","Netherlands","Thousand","Females","49,1",""
"2014","Netherlands","Percentage","Males","87,8",""
"2014","Netherlands","Percentage","Females","12,2",""
"2014","Austria","Thousand","Males","129,4",""
"2014","Austria","Thousand","Females","19,9",""
"2014","Austria","Percentage","Males","86,7",""
"2014","Austria","Percentage","Females","13,3",""
"2014","Poland","Thousand","Males","355,9",""
"2014","Poland","Thousand","Females","57,2",""
"2014","Poland","Percentage","Males","86,1",""
"2014","Poland","Percentage","Females","13,9",""
"2014","Portugal","Thousand","Males","95,8","s"
"2014","Portugal","Thousand","Females","15,1","s"
"2014","Portugal","Percentage","Males","86,3","s"
"2014","Portugal","Percentage","Females","13,7","s"
"2014","Romania","Thousand","Males","109,8",""
"2014","Romania","Thousand","Females","30,1",""
"2014","Romania","Percentage","Males","78,5",""
"2014","Romania","Percentage","Females","21,5",""
"2014","Slovenia","Thousand","Males","27,8",""
"2014","Slovenia","Thousand","Females","4,3",""
"2014","Slovenia","Percentage","Males","86,7",""
"2014","Slovenia","Percentage","Females","13,3",""
"2014","Slovakia","Thousand","Males","57,5",""
"2014","Slovakia","Thousand","Females","7,8",""
"2014","Slovakia","Percentage","Males","88,0",""
"2014","Slovakia","Percentage","Females","12,0",""
"2014","Finland","Thousand","Males","122,6",""
"2014","Finland","Thousand","Females","33,7",""
"2014","Finland","Percentage","Males","78,4",""
"2014","Finland","Percentage","Females","21,6",""
"2014","Sweden","Thousand","Males","223,9",""
"2014","Sweden","Thousand","Females","53,0",""
"2014","Sweden","Percentage","Males","80,9",""
"2014","Sweden","Percentage","Females","19,1",""
"2014","United Kingdom","Thousand","Males","1.217,2",""
"2014","United Kingdom","Thousand","Females","240,7",""
"2014","United Kingdom","Percentage","Males","83,5",""
"2014","United Kingdom","Percentage","Females","16,5",""
"2014","Iceland","Thousand","Males","5,1","s"
"2014","Iceland","Thousand","Females","1,4","s"
"2014","Iceland","Percentage","Males","78,8","s"
"2014","Iceland","Percentage","Females","21,2","s"
"2014","Norway","Thousand","Males","104,6",""
"2014","Norway","Thousand","Females","20,1",""
"2014","Norway","Percentage","Males","83,9",""
"2014","Norway","Percentage","Females","16,1",""
"2014","Switzerland","Thousand","Males","183,0",""
"2014","Switzerland","Thousand","Females","28,6",""
"2014","Switzerland","Percentage","Males","86,5",""
"2014","Switzerland","Percentage","Females","13,5",""
"2014","Montenegro","Thousand","Males","4,0",""
"2014","Montenegro","Thousand","Females",":","u"
"2014","Montenegro","Percentage","Males","83,0",""
"2014","Montenegro","Percentage","Females",":","u"
"2014","North Macedonia","Thousand","Males","7,7",""
"2014","North Macedonia","Thousand","Females","2,5",""
"2014","North Macedonia","Percentage","Males","75,1",""
"2014","North Macedonia","Percentage","Females","24,9",""
"2014","Serbia","Thousand","Males","43,0","b"
"2014","Serbia","Thousand","Females","7,1","b"
"2014","Serbia","Percentage","Males","85,8","b"
"2014","Serbia","Percentage","Females","14,2","b"
"2014","Turkey","Thousand","Males","207,1","bs"
"2014","Turkey","Thousand","Females","31,1","bs"
"2014","Turkey","Percentage","Males","86,9","bs"
"2014","Turkey","Percentage","Females","13,1","bs"
"2015","European Union - 28 countries (2013-2020)","Thousand","Males","6.493,8","s"
"2015","European Union - 28 countries (2013-2020)","Thousand","Females","1.251,7","s"
"2015","European Union - 28 countries (2013-2020)","Percentage","Males","83,8","s"
"2015","European Union - 28 countries (2013-2020)","Percentage","Females","16,2","s"
"2015","European Union - 27 countries (from 2020)","Thousand","Males","5.202,3","s"
"2015","European Union - 27 countries (from 2020)","Thousand","Females","1.001,3","s"
"2015","European Union - 27 countries (from 2020)","Percentage","Males","83,9","s"
"2015","European Union - 27 countries (from 2020)","Percentage","Females","16,1","s"
"2015","European Union - 15 countries (1995-2004)","Thousand","Males","5.462,2","s"
"2015","European Union - 15 countries (1995-2004)","Thousand","Females","1.055,5","s"
"2015","European Union - 15 countries (1995-2004)","Percentage","Males","83,8","s"
"2015","European Union - 15 countries (1995-2004)","Percentage","Females","16,2","s"
"2015","Euro area - 19 countries  (from 2015)","Thousand","Males","4.007,7","s"
"2015","Euro area - 19 countries  (from 2015)","Thousand","Females","762,5","s"
"2015","Euro area - 19 countries  (from 2015)","Percentage","Males","84,0","s"
"2015","Euro area - 19 countries  (from 2015)","Percentage","Females","16,0","s"
"2015","Belgium","Thousand","Males","159,9",""
"2015","Belgium","Thousand","Females","28,5",""
"2015","Belgium","Percentage","Males","84,9",""
"2015","Belgium","Percentage","Females","15,1",""
"2015","Bulgaria","Thousand","Males","50,3","s"
"2015","Bulgaria","Thousand","Females","19,3","s"
"2015","Bulgaria","Percentage","Males","72,3","s"
"2015","Bulgaria","Percentage","Females","27,7","s"
"2015","Czechia","Thousand","Males","166,4",""
"2015","Czechia","Thousand","Females","18,2",""
"2015","Czechia","Percentage","Males","90,1",""
"2015","Czechia","Percentage","Females","9,9",""
"2015","Denmark","Thousand","Males","86,3","s"
"2015","Denmark","Thousand","Females","19,5","s"
"2015","Denmark","Percentage","Males","81,6","s"
"2015","Denmark","Percentage","Females","18,4","s"
"2015","Germany (until 1990 former territory of the FRG)","Thousand","Males","1.226,9",""
"2015","Germany (until 1990 former territory of the FRG)","Thousand","Females","238,8",""
"2015","Germany (until 1990 former territory of the FRG)","Percentage","Males","83,7",""
"2015","Germany (until 1990 former territory of the FRG)","Percentage","Females","16,3",""
"2015","Estonia","Thousand","Males","22,7",""
"2015","Estonia","Thousand","Females","5,8",""
"2015","Estonia","Percentage","Males","79,7",""
"2015","Estonia","Percentage","Females","20,3",""
"2015","Ireland","Thousand","Males","72,3",""
"2015","Ireland","Thousand","Females","17,7",""
"2015","Ireland","Percentage","Males","80,3",""
"2015","Ireland","Percentage","Females","19,7",""
"2015","Greece","Thousand","Males","37,9","s"
"2015","Greece","Thousand","Females","5,8","s"
"2015","Greece","Percentage","Males","86,8","s"
"2015","Greece","Percentage","Females","13,2","s"
"2015","Spain","Thousand","Males","352,8","s"
"2015","Spain","Thousand","Females","74,1","s"
"2015","Spain","Percentage","Males","82,6","s"
"2015","Spain","Percentage","Females","17,4","s"
"2015","France","Thousand","Males","792,0",""
"2015","France","Thousand","Females","158,2",""
"2015","France","Percentage","Males","83,4",""
"2015","France","Percentage","Females","16,6",""
"2015","Croatia","Thousand","Males","35,6",""
"2015","Croatia","Thousand","Females","7,1","u"
"2015","Croatia","Percentage","Males","83,4",""
"2015","Croatia","Percentage","Females","16,6","u"
"2015","Italy","Thousand","Males","481,4","s"
"2015","Italy","Thousand","Females","76,9","s"
"2015","Italy","Percentage","Males","86,2","s"
"2015","Italy","Percentage","Females","13,8","s"
"2015","Cyprus","Thousand","Males","7,7",""
"2015","Cyprus","Thousand","Females","1,9",""
"2015","Cyprus","Percentage","Males","80,3",""
"2015","Cyprus","Percentage","Females","19,7",""
"2015","Latvia","Thousand","Males","14,6","s"
"2015","Latvia","Thousand","Females","4,8","s"
"2015","Latvia","Percentage","Males","75,3","s"
"2015","Latvia","Percentage","Females","24,7","s"
"2015","Lithuania","Thousand","Males","22,3",""
"2015","Lithuania","Thousand","Females","5,6",""
"2015","Lithuania","Percentage","Males","79,9",""
"2015","Lithuania","Percentage","Females","20,1",""
"2015","Luxembourg","Thousand","Males","10,5","b"
"2015","Luxembourg","Thousand","Females","1,5","b"
"2015","Luxembourg","Percentage","Males","87,4","b"
"2015","Luxembourg","Percentage","Females","12,6","b"
"2015","Hungary","Thousand","Males","134,5",""
"2015","Hungary","Thousand","Females","18,1",""
"2015","Hungary","Percentage","Males","88,1",""
"2015","Hungary","Percentage","Females","11,9",""
"2015","Malta","Thousand","Males","6,2",""
"2015","Malta","Thousand","Females","1,3",""
"2015","Malta","Percentage","Males","83,0",""
"2015","Malta","Percentage","Females","17,0",""
"2015","Netherlands","Thousand","Males","359,0",""
"2015","Netherlands","Thousand","Females","53,7",""
"2015","Netherlands","Percentage","Males","87,0",""
"2015","Netherlands","Percentage","Females","13,0",""
"2015","Austria","Thousand","Males","142,9",""
"2015","Austria","Thousand","Females","23,7",""
"2015","Austria","Percentage","Males","85,8",""
"2015","Austria","Percentage","Females","14,2",""
"2015","Poland","Thousand","Males","366,4",""
"2015","Poland","Thousand","Females","57,3",""
"2015","Poland","Percentage","Males","86,5",""
"2015","Poland","Percentage","Females","13,5",""
"2015","Portugal","Thousand","Males","88,3","s"
"2015","Portugal","Thousand","Females","15,9","s"
"2015","Portugal","Percentage","Males","84,7","s"
"2015","Portugal","Percentage","Females","15,3","s"
"2015","Romania","Thousand","Males","117,0",""
"2015","Romania","Thousand","Females","43,8",""
"2015","Romania","Percentage","Males","72,8",""
"2015","Romania","Percentage","Females","27,2",""
"2015","Slovenia","Thousand","Males","27,7",""
"2015","Slovenia","Thousand","Females","5,3",""
"2015","Slovenia","Percentage","Males","84,0",""
"2015","Slovenia","Percentage","Females","16,0",""
"2015","Slovakia","Thousand","Males","60,3",""
"2015","Slovakia","Thousand","Females","7,8",""
"2015","Slovakia","Percentage","Males","88,6",""
"2015","Slovakia","Percentage","Females","11,4",""
"2015","Finland","Thousand","Males","122,4",""
"2015","Finland","Thousand","Females","35,3",""
"2015","Finland","Percentage","Males","77,6",""
"2015","Finland","Percentage","Females","22,4",""
"2015","Sweden","Thousand","Males","238,2",""
"2015","Sweden","Thousand","Females","55,6",""
"2015","Sweden","Percentage","Males","81,1",""
"2015","Sweden","Percentage","Females","18,9",""
"2015","United Kingdom","Thousand","Males","1.291,6",""
"2015","United Kingdom","Thousand","Females","250,4",""
"2015","United Kingdom","Percentage","Males","83,8",""
"2015","United Kingdom","Percentage","Females","16,2",""
"2015","Iceland","Thousand","Males","5,6","s"
"2015","Iceland","Thousand","Females","1,6","s"
"2015","Iceland","Percentage","Males","77,4","s"
"2015","Iceland","Percentage","Females","22,6","s"
"2015","Norway","Thousand","Males","93,2",""
"2015","Norway","Thousand","Females","19,1",""
"2015","Norway","Percentage","Males","83,0",""
"2015","Norway","Percentage","Females","17,0",""
"2015","Switzerland","Thousand","Males","185,5",""
"2015","Switzerland","Thousand","Females","31,6",""
"2015","Switzerland","Percentage","Males","85,4",""
"2015","Switzerland","Percentage","Females","14,6",""
"2015","Montenegro","Thousand","Males","4,5",""
"2015","Montenegro","Thousand","Females",":","u"
"2015","Montenegro","Percentage","Males","85,3",""
"2015","Montenegro","Percentage","Females",":","u"
"2015","North Macedonia","Thousand","Males","9,8",""
"2015","North Macedonia","Thousand","Females","2,5",""
"2015","North Macedonia","Percentage","Males","79,5",""
"2015","North Macedonia","Percentage","Females","20,5",""
"2015","Serbia","Thousand","Males","47,2",""
"2015","Serbia","Thousand","Females","9,4",""
"2015","Serbia","Percentage","Males","83,3",""
"2015","Serbia","Percentage","Females","16,7",""
"2015","Turkey","Thousand","Males","219,0","s"
"2015","Turkey","Thousand","Females","28,7","s"
"2015","Turkey","Percentage","Males","88,4","s"
"2015","Turkey","Percentage","Females","11,6","s"
"2016","European Union - 28 countries (2013-2020)","Thousand","Males","6.858,2","s"
"2016","European Union - 28 countries (2013-2020)","Thousand","Females","1.373,9","s"
"2016","European Union - 28 countries (2013-2020)","Percentage","Males","83,3","s"
"2016","European Union - 28 countries (2013-2020)","Percentage","Females","16,7","s"
"2016","European Union - 27 countries (from 2020)","Thousand","Males","5.511,5","s"
"2016","European Union - 27 countries (from 2020)","Thousand","Females","1.113,6","s"
"2016","European Union - 27 countries (from 2020)","Percentage","Males","83,2","s"
"2016","European Union - 27 countries (from 2020)","Percentage","Females","16,8","s"
"2016","European Union - 15 countries (1995-2004)","Thousand","Males","5.789,5","s"
"2016","European Union - 15 countries (1995-2004)","Thousand","Females","1.159,7","s"
"2016","European Union - 15 countries (1995-2004)","Percentage","Males","83,3","s"
"2016","European Union - 15 countries (1995-2004)","Percentage","Females","16,7","s"
"2016","Euro area - 19 countries  (from 2015)","Thousand","Males","4.278,6","s"
"2016","Euro area - 19 countries  (from 2015)","Thousand","Females","847,0","s"
"2016","Euro area - 19 countries  (from 2015)","Percentage","Males","83,5","s"
"2016","Euro area - 19 countries  (from 2015)","Percentage","Females","16,5","s"
"2016","Belgium","Thousand","Males","166,5",""
"2016","Belgium","Thousand","Females","27,3",""
"2016","Belgium","Percentage","Males","85,9",""
"2016","Belgium","Percentage","Females","14,1",""
"2016","Bulgaria","Thousand","Males","56,5","s"
"2016","Bulgaria","Thousand","Females","24,5","s"
"2016","Bulgaria","Percentage","Males","69,8","s"
"2016","Bulgaria","Percentage","Females","30,2","s"
"2016","Czechia","Thousand","Males","160,7",""
"2016","Czechia","Thousand","Females","20,2",""
"2016","Czechia","Percentage","Males","88,8",""
"2016","Czechia","Percentage","Females","11,2",""
"2016","Denmark","Thousand","Males","94,0","bs"
"2016","Denmark","Thousand","Females","23,0","bs"
"2016","Denmark","Percentage","Males","80,4","bs"
"2016","Denmark","Percentage","Females","19,6","bs"
"2016","Germany (until 1990 former territory of the FRG)","Thousand","Males","1.285,6",""
"2016","Germany (until 1990 former territory of the FRG)","Thousand","Females","255,5",""
"2016","Germany (until 1990 former territory of the FRG)","Percentage","Males","83,4",""
"2016","Germany (until 1990 former territory of the FRG)","Percentage","Females","16,6",""
"2016","Estonia","Thousand","Males","27,7",""
"2016","Estonia","Thousand","Females","6,4",""
"2016","Estonia","Percentage","Males","81,3",""
"2016","Estonia","Percentage","Females","18,7",""
"2016","Ireland","Thousand","Males","78,4",""
"2016","Ireland","Thousand","Females","21,0",""
"2016","Ireland","Percentage","Males","78,9",""
"2016","Ireland","Percentage","Females","21,1",""
"2016","Greece","Thousand","Males","44,7","s"
"2016","Greece","Thousand","Females","6,5","s"
"2016","Greece","Percentage","Males","87,3","s"
"2016","Greece","Percentage","Females","12,7","s"
"2016","Spain","Thousand","Males","471,8","s"
"2016","Spain","Thousand","Females","85,8","s"
"2016","Spain","Percentage","Males","84,6","s"
"2016","Spain","Percentage","Females","15,4","s"
"2016","France","Thousand","Males","822,3",""
"2016","France","Thousand","Females","181,6",""
"2016","France","Percentage","Males","81,9",""
"2016","France","Percentage","Females","18,1",""
"2016","Croatia","Thousand","Males","45,3",""
"2016","Croatia","Thousand","Females","6,9","u"
"2016","Croatia","Percentage","Males","86,7",""
"2016","Croatia","Percentage","Females","13,3","u"
"2016","Italy","Thousand","Males","501,7","s"
"2016","Italy","Thousand","Females","83,1","s"
"2016","Italy","Percentage","Males","85,8","s"
"2016","Italy","Percentage","Females","14,2","s"
"2016","Cyprus","Thousand","Males","7,6",""
"2016","Cyprus","Thousand","Females","2,3",""
"2016","Cyprus","Percentage","Males","77,0",""
"2016","Cyprus","Percentage","Females","23,0",""
"2016","Latvia","Thousand","Males","14,8","s"
"2016","Latvia","Thousand","Females","4,9","s"
"2016","Latvia","Percentage","Males","75,2","s"
"2016","Latvia","Percentage","Females","24,8","s"
"2016","Lithuania","Thousand","Males","25,7",""
"2016","Lithuania","Thousand","Females","8,5",""
"2016","Lithuania","Percentage","Males","75,2",""
"2016","Lithuania","Percentage","Females","24,8",""
"2016","Luxembourg","Thousand","Males","9,3",""
"2016","Luxembourg","Thousand","Females","1,5",""
"2016","Luxembourg","Percentage","Males","86,3",""
"2016","Luxembourg","Percentage","Females","13,7",""
"2016","Hungary","Thousand","Males","137,4",""
"2016","Hungary","Thousand","Females","20,7",""
"2016","Hungary","Percentage","Males","86,9",""
"2016","Hungary","Percentage","Females","13,1",""
"2016","Malta","Thousand","Males","7,1",""
"2016","Malta","Thousand","Females","1,0",""
"2016","Malta","Percentage","Males","87,9",""
"2016","Malta","Percentage","Females","12,1",""
"2016","Netherlands","Thousand","Males","356,6",""
"2016","Netherlands","Thousand","Females","65,7",""
"2016","Netherlands","Percentage","Males","84,4",""
"2016","Netherlands","Percentage","Females","15,6",""
"2016","Austria","Thousand","Males","147,9",""
"2016","Austria","Thousand","Females","30,7",""
"2016","Austria","Percentage","Males","82,8",""
"2016","Austria","Percentage","Females","17,2",""
"2016","Poland","Thousand","Males","369,2",""
"2016","Poland","Thousand","Females","62,6",""
"2016","Poland","Percentage","Males","85,5",""
"2016","Poland","Percentage","Females","14,5",""
"2016","Portugal","Thousand","Males","91,3","s"
"2016","Portugal","Thousand","Females","17,5","s"
"2016","Portugal","Percentage","Males","83,9","s"
"2016","Portugal","Percentage","Females","16,1","s"
"2016","Romania","Thousand","Males","123,6",""
"2016","Romania","Thousand","Females","44,1",""
"2016","Romania","Percentage","Males","73,7",""
"2016","Romania","Percentage","Females","26,3",""
"2016","Slovenia","Thousand","Males","26,6",""
"2016","Slovenia","Thousand","Females","5,6",""
"2016","Slovenia","Percentage","Males","82,7",""
"2016","Slovenia","Percentage","Females","17,3",""
"2016","Slovakia","Thousand","Males","66,4",""
"2016","Slovakia","Thousand","Females","6,8",""
"2016","Slovakia","Percentage","Males","90,8",""
"2016","Slovakia","Percentage","Females","9,2",""
"2016","Finland","Thousand","Males","126,7",""
"2016","Finland","Thousand","Females","35,6",""
"2016","Finland","Percentage","Males","78,1",""
"2016","Finland","Percentage","Females","21,9",""
"2016","Sweden","Thousand","Males","246,1",""
"2016","Sweden","Thousand","Females","64,7",""
"2016","Sweden","Percentage","Males","79,2",""
"2016","Sweden","Percentage","Females","20,8",""
"2016","United Kingdom","Thousand","Males","1.346,7",""
"2016","United Kingdom","Thousand","Females","260,3",""
"2016","United Kingdom","Percentage","Males","83,8",""
"2016","United Kingdom","Percentage","Females","16,2",""
"2016","Iceland","Thousand","Males","6,0","s"
"2016","Iceland","Thousand","Females","1,7","s"
"2016","Iceland","Percentage","Males","78,1","s"
"2016","Iceland","Percentage","Females","21,9","s"
"2016","Norway","Thousand","Males","91,1",""
"2016","Norway","Thousand","Females","22,0",""
"2016","Norway","Percentage","Males","80,6",""
"2016","Norway","Percentage","Females","19,4",""
"2016","Switzerland","Thousand","Males","190,0",""
"2016","Switzerland","Thousand","Females","33,4",""
"2016","Switzerland","Percentage","Males","85,1",""
"2016","Switzerland","Percentage","Females","14,9",""
"2016","Montenegro","Thousand","Males","4,1",""
"2016","Montenegro","Thousand","Females",":","u"
"2016","Montenegro","Percentage","Males","87,9",""
"2016","Montenegro","Percentage","Females",":","u"
"2016","North Macedonia","Thousand","Males","9,5",""
"2016","North Macedonia","Thousand","Females","3,3",""
"2016","North Macedonia","Percentage","Males","74,4",""
"2016","North Macedonia","Percentage","Females","25,6",""
"2016","Serbia","Thousand","Males","49,1",""
"2016","Serbia","Thousand","Females","12,6",""
"2016","Serbia","Percentage","Males","79,5",""
"2016","Serbia","Percentage","Females","20,5",""
"2016","Turkey","Thousand","Males","220,8","s"
"2016","Turkey","Thousand","Females","24,3","s"
"2016","Turkey","Percentage","Males","90,1","s"
"2016","Turkey","Percentage","Females","9,9","s"
"2017","European Union - 28 countries (2013-2020)","Thousand","Males","7.081,6","s"
"2017","European Union - 28 countries (2013-2020)","Thousand","Females","1.474,8","s"
"2017","European Union - 28 countries (2013-2020)","Percentage","Males","82,8","s"
"2017","European Union - 28 countries (2013-2020)","Percentage","Females","17,2","s"
"2017","European Union - 27 countries (from 2020)","Thousand","Males","5.747,4","s"
"2017","European Union - 27 countries (from 2020)","Thousand","Females","1.189,3","s"
"2017","European Union - 27 countries (from 2020)","Percentage","Males","82,9","s"
"2017","European Union - 27 countries (from 2020)","Percentage","Females","17,1","s"
"2017","European Union - 15 countries (1995-2004)","Thousand","Males","5.966,8","s"
"2017","European Union - 15 countries (1995-2004)","Thousand","Females","1.263,6","s"
"2017","European Union - 15 countries (1995-2004)","Percentage","Males","82,5","s"
"2017","European Union - 15 countries (1995-2004)","Percentage","Females","17,5","s"
"2017","Euro area - 19 countries  (from 2015)","Thousand","Males","4.453,2","s"
"2017","Euro area - 19 countries  (from 2015)","Thousand","Females","924,7","s"
"2017","Euro area - 19 countries  (from 2015)","Percentage","Males","82,8","s"
"2017","Euro area - 19 countries  (from 2015)","Percentage","Females","17,2","s"
"2017","Belgium","Thousand","Males","175,4","b"
"2017","Belgium","Thousand","Females","38,9","b"
"2017","Belgium","Percentage","Males","81,8","b"
"2017","Belgium","Percentage","Females","18,2","b"
"2017","Bulgaria","Thousand","Males","52,2","s"
"2017","Bulgaria","Thousand","Females","18,8","s"
"2017","Bulgaria","Percentage","Males","73,5","s"
"2017","Bulgaria","Percentage","Females","26,5","s"
"2017","Czechia","Thousand","Males","167,7",""
"2017","Czechia","Thousand","Females","17,2",""
"2017","Czechia","Percentage","Males","90,7",""
"2017","Czechia","Percentage","Females","9,3",""
"2017","Denmark","Thousand","Males","98,2","bs"
"2017","Denmark","Thousand","Females","23,1","bs"
"2017","Denmark","Percentage","Males","80,9","bs"
"2017","Denmark","Percentage","Females","19,1","bs"
"2017","Germany (until 1990 former territory of the FRG)","Thousand","Males","1.298,3",""
"2017","Germany (until 1990 former territory of the FRG)","Thousand","Females","257,6",""
"2017","Germany (until 1990 former territory of the FRG)","Percentage","Males","83,4",""
"2017","Germany (until 1990 former territory of the FRG)","Percentage","Females","16,6",""
"2017","Estonia","Thousand","Males","29,7",""
"2017","Estonia","Thousand","Females","7,2",""
"2017","Estonia","Percentage","Males","80,6",""
"2017","Estonia","Percentage","Females","19,4",""
"2017","Ireland","Thousand","Males","82,0","b"
"2017","Ireland","Thousand","Females","21,6","b"
"2017","Ireland","Percentage","Males","79,1","b"
"2017","Ireland","Percentage","Females","20,9","b"
"2017","Greece","Thousand","Males","53,9","s"
"2017","Greece","Thousand","Females","6,6","s"
"2017","Greece","Percentage","Males","89,1","s"
"2017","Greece","Percentage","Females","10,9","s"
"2017","Spain","Thousand","Males","465,1","s"
"2017","Spain","Thousand","Females","89,0","s"
"2017","Spain","Percentage","Males","83,9","s"
"2017","Spain","Percentage","Females","16,1","s"
"2017","France","Thousand","Males","798,3",""
"2017","France","Thousand","Females","194,0",""
"2017","France","Percentage","Males","80,4",""
"2017","France","Percentage","Females","19,6",""
"2017","Croatia","Thousand","Males","46,6",""
"2017","Croatia","Thousand","Females","7,0","u"
"2017","Croatia","Percentage","Males","87,0",""
"2017","Croatia","Percentage","Females","13,0","u"
"2017","Italy","Thousand","Males","647,0",""
"2017","Italy","Thousand","Females","122,9",""
"2017","Italy","Percentage","Males","84,0",""
"2017","Italy","Percentage","Females","16,0",""
"2017","Cyprus","Thousand","Males","9,0",""
"2017","Cyprus","Thousand","Females","1,9",""
"2017","Cyprus","Percentage","Males","82,6",""
"2017","Cyprus","Percentage","Females","17,4",""
"2017","Latvia","Thousand","Males","16,3","s"
"2017","Latvia","Thousand","Females","4,4","s"
"2017","Latvia","Percentage","Males","78,7","s"
"2017","Latvia","Percentage","Females","21,3","s"
"2017","Lithuania","Thousand","Males","27,4",""
"2017","Lithuania","Thousand","Females","9,5",""
"2017","Lithuania","Percentage","Males","74,3",""
"2017","Lithuania","Percentage","Females","25,7",""
"2017","Luxembourg","Thousand","Males","11,9",""
"2017","Luxembourg","Thousand","Females","1,7",""
"2017","Luxembourg","Percentage","Males","87,5",""
"2017","Luxembourg","Percentage","Females","12,5",""
"2017","Hungary","Thousand","Males","143,6",""
"2017","Hungary","Thousand","Females","14,1",""
"2017","Hungary","Percentage","Males","91,1",""
"2017","Hungary","Percentage","Females","8,9",""
"2017","Malta","Thousand","Males","8,5",""
"2017","Malta","Thousand","Females","1,0",""
"2017","Malta","Percentage","Males","89,8",""
"2017","Malta","Percentage","Females","10,2",""
"2017","Netherlands","Thousand","Males","360,3",""
"2017","Netherlands","Thousand","Females","71,9",""
"2017","Netherlands","Percentage","Males","83,4",""
"2017","Netherlands","Percentage","Females","16,6",""
"2017","Austria","Thousand","Males","158,4",""
"2017","Austria","Thousand","Females","29,3",""
"2017","Austria","Percentage","Males","84,4",""
"2017","Austria","Percentage","Females","15,6",""
"2017","Poland","Thousand","Males","384,9",""
"2017","Poland","Thousand","Females","67,1",""
"2017","Poland","Percentage","Males","85,2",""
"2017","Poland","Percentage","Females","14,8",""
"2017","Portugal","Thousand","Males","89,2","s"
"2017","Portugal","Thousand","Females","15,1","s"
"2017","Portugal","Percentage","Males","85,6","s"
"2017","Portugal","Percentage","Females","14,4","s"
"2017","Romania","Thousand","Males","137,7",""
"2017","Romania","Thousand","Females","47,7",""
"2017","Romania","Percentage","Males","74,3",""
"2017","Romania","Percentage","Females","25,7",""
"2017","Slovenia","Thousand","Males","30,3",""
"2017","Slovenia","Thousand","Females","5,8",""
"2017","Slovenia","Percentage","Males","83,9",""
"2017","Slovenia","Percentage","Females","16,1",""
"2017","Slovakia","Thousand","Males","60,9",""
"2017","Slovakia","Thousand","Females","9,7",""
"2017","Slovakia","Percentage","Males","86,3",""
"2017","Slovakia","Percentage","Females","13,7",""
"2017","Finland","Thousand","Males","131,6",""
"2017","Finland","Thousand","Females","36,6",""
"2017","Finland","Percentage","Males","78,2",""
"2017","Finland","Percentage","Females","21,8",""
"2017","Sweden","Thousand","Males","263,2",""
"2017","Sweden","Thousand","Females","69,6",""
"2017","Sweden","Percentage","Males","79,1",""
"2017","Sweden","Percentage","Females","20,9",""
"2017","United Kingdom","Thousand","Males","1.334,2",""
"2017","United Kingdom","Thousand","Females","285,5",""
"2017","United Kingdom","Percentage","Males","82,4",""
"2017","United Kingdom","Percentage","Females","17,6",""
"2017","Iceland","Thousand","Males","6,9","s"
"2017","Iceland","Thousand","Females","1,3","s"
"2017","Iceland","Percentage","Males","83,7","s"
"2017","Iceland","Percentage","Females","16,3","s"
"2017","Norway","Thousand","Males","97,8",""
"2017","Norway","Thousand","Females","23,7",""
"2017","Norway","Percentage","Males","80,5",""
"2017","Norway","Percentage","Females","19,5",""
"2017","Switzerland","Thousand","Males","186,9",""
"2017","Switzerland","Thousand","Females","32,8",""
"2017","Switzerland","Percentage","Males","85,1",""
"2017","Switzerland","Percentage","Females","14,9",""
"2017","Montenegro","Thousand","Males","3,6",""
"2017","Montenegro","Thousand","Females","1,5","u"
"2017","Montenegro","Percentage","Males","70,3",""
"2017","Montenegro","Percentage","Females","29,7","u"
"2017","North Macedonia","Thousand","Males","8,8",""
"2017","North Macedonia","Thousand","Females","3,1",""
"2017","North Macedonia","Percentage","Males","74,1",""
"2017","North Macedonia","Percentage","Females","25,9",""
"2017","Serbia","Thousand","Males","49,9",""
"2017","Serbia","Thousand","Females","14,1",""
"2017","Serbia","Percentage","Males","78,0",""
"2017","Serbia","Percentage","Females","22,0",""
"2017","Turkey","Thousand","Males","239,7","s"
"2017","Turkey","Thousand","Females","26,6","s"
"2017","Turkey","Percentage","Males","90,0","s"
"2017","Turkey","Percentage","Females","10,0","s"
"2018","European Union - 28 countries (2013-2020)","Thousand","Males","7.562,6","s"
"2018","European Union - 28 countries (2013-2020)","Thousand","Females","1.493,5","s"
"2018","European Union - 28 countries (2013-2020)","Percentage","Males","83,5","s"
"2018","European Union - 28 countries (2013-2020)","Percentage","Females","16,5","s"
"2018","European Union - 27 countries (from 2020)","Thousand","Males","6.196,8","s"
"2018","European Union - 27 countries (from 2020)","Thousand","Females","1.228,4","s"
"2018","European Union - 27 countries (from 2020)","Percentage","Males","83,5","s"
"2018","European Union - 27 countries (from 2020)","Percentage","Females","16,5","s"
"2018","European Union - 15 countries (1995-2004)","Thousand","Males","6.338,1","s"
"2018","European Union - 15 countries (1995-2004)","Thousand","Females","1.269,1","s"
"2018","European Union - 15 countries (1995-2004)","Percentage","Males","83,3","s"
"2018","European Union - 15 countries (1995-2004)","Percentage","Females","16,7","s"
"2018","Euro area - 19 countries  (from 2015)","Thousand","Males","4.794,4","s"
"2018","Euro area - 19 countries  (from 2015)","Thousand","Females","948,6","s"
"2018","Euro area - 19 countries  (from 2015)","Percentage","Males","83,5","s"
"2018","Euro area - 19 countries  (from 2015)","Percentage","Females","16,5","s"
"2018","Belgium","Thousand","Males","193,2",""
"2018","Belgium","Thousand","Females","35,4",""
"2018","Belgium","Percentage","Males","84,5",""
"2018","Belgium","Percentage","Females","15,5",""
"2018","Bulgaria","Thousand","Males","68,8","s"
"2018","Bulgaria","Thousand","Females","27,1","s"
"2018","Bulgaria","Percentage","Males","71,7","s"
"2018","Bulgaria","Percentage","Females","28,3","s"
"2018","Czechia","Thousand","Males","196,2",""
"2018","Czechia","Thousand","Females","21,5",""
"2018","Czechia","Percentage","Males","90,1",""
"2018","Czechia","Percentage","Females","9,9",""
"2018","Denmark","Thousand","Males","98,6","s"
"2018","Denmark","Thousand","Females","23,6","s"
"2018","Denmark","Percentage","Males","80,7","s"
"2018","Denmark","Percentage","Females","19,3","s"
"2018","Germany (until 1990 former territory of the FRG)","Thousand","Males","1.349,9",""
"2018","Germany (until 1990 former territory of the FRG)","Thousand","Females","272,7",""
"2018","Germany (until 1990 former territory of the FRG)","Percentage","Males","83,2",""
"2018","Germany (until 1990 former territory of the FRG)","Percentage","Females","16,8",""
"2018","Estonia","Thousand","Males","29,7",""
"2018","Estonia","Thousand","Females","8,3",""
"2018","Estonia","Percentage","Males","78,2",""
"2018","Estonia","Percentage","Females","21,8",""
"2018","Ireland","Thousand","Males","83,1",""
"2018","Ireland","Thousand","Females","18,7",""
"2018","Ireland","Percentage","Males","81,7",""
"2018","Ireland","Percentage","Females","18,3",""
"2018","Greece","Thousand","Males","61,2","s"
"2018","Greece","Thousand","Females","7,8","s"
"2018","Greece","Percentage","Males","88,7","s"
"2018","Greece","Percentage","Females","11,3","s"
"2018","Spain","Thousand","Males","519,5","s"
"2018","Spain","Thousand","Females","100,1","s"
"2018","Spain","Percentage","Males","83,8","s"
"2018","Spain","Percentage","Females","16,2","s"
"2018","France","Thousand","Males","887,0",""
"2018","France","Thousand","Females","181,3",""
"2018","France","Percentage","Males","83,0",""
"2018","France","Percentage","Females","17,0",""
"2018","Croatia","Thousand","Males","49,5",""
"2018","Croatia","Thousand","Females","8,2","u"
"2018","Croatia","Percentage","Males","85,7",""
"2018","Croatia","Percentage","Females","14,3","u"
"2018","Italy","Thousand","Males","695,7",""
"2018","Italy","Thousand","Females","121,8",""
"2018","Italy","Percentage","Males","85,1",""
"2018","Italy","Percentage","Females","14,9",""
"2018","Cyprus","Thousand","Males","10,5",""
"2018","Cyprus","Thousand","Females","2,3",""
"2018","Cyprus","Percentage","Males","81,8",""
"2018","Cyprus","Percentage","Females","18,2",""
"2018","Latvia","Thousand","Males","13,0","s"
"2018","Latvia","Thousand","Females","2,2","u"
"2018","Latvia","Percentage","Males","85,6","s"
"2018","Latvia","Percentage","Females","14,4","u"
"2018","Lithuania","Thousand","Males","28,0",""
"2018","Lithuania","Thousand","Females","9,5",""
"2018","Lithuania","Percentage","Males","74,6",""
"2018","Lithuania","Percentage","Females","25,4",""
"2018","Luxembourg","Thousand","Males","13,7",""
"2018","Luxembourg","Thousand","Females","1,9",""
"2018","Luxembourg","Percentage","Males","87,9",""
"2018","Luxembourg","Percentage","Females","12,1",""
"2018","Hungary","Thousand","Males","151,5",""
"2018","Hungary","Thousand","Females","14,1",""
"2018","Hungary","Percentage","Males","91,5",""
"2018","Hungary","Percentage","Females","8,5",""
"2018","Malta","Thousand","Males","9,5",""
"2018","Malta","Thousand","Females","2,0",""
"2018","Malta","Percentage","Males","82,6",""
"2018","Malta","Percentage","Females","17,4",""
"2018","Netherlands","Thousand","Males","396,5",""
"2018","Netherlands","Thousand","Females","79,0",""
"2018","Netherlands","Percentage","Males","83,4",""
"2018","Netherlands","Percentage","Females","16,6",""
"2018","Austria","Thousand","Males","156,5",""
"2018","Austria","Thousand","Females","35,2",""
"2018","Austria","Percentage","Males","81,6",""
"2018","Austria","Percentage","Females","18,4",""
"2018","Poland","Thousand","Males","418,3",""
"2018","Poland","Thousand","Females","68,0",""
"2018","Poland","Percentage","Males","86,0",""
"2018","Poland","Percentage","Females","14,0",""
"2018","Portugal","Thousand","Males","98,4","s"
"2018","Portugal","Thousand","Females","16,9","s"
"2018","Portugal","Percentage","Males","85,3","s"
"2018","Portugal","Percentage","Females","14,7","s"
"2018","Romania","Thousand","Males","145,4",""
"2018","Romania","Thousand","Females","44,7",""
"2018","Romania","Percentage","Males","76,5",""
"2018","Romania","Percentage","Females","23,5",""
"2018","Slovenia","Thousand","Males","32,6",""
"2018","Slovenia","Thousand","Females","6,3",""
"2018","Slovenia","Percentage","Males","83,7",""
"2018","Slovenia","Percentage","Females","16,3",""
"2018","Slovakia","Thousand","Males","71,7",""
"2018","Slovakia","Thousand","Females","10,0",""
"2018","Slovakia","Percentage","Males","87,7",""
"2018","Slovakia","Percentage","Females","12,3",""
"2018","Finland","Thousand","Males","144,8",""
"2018","Finland","Thousand","Females","36,9",""
"2018","Finland","Percentage","Males","79,7",""
"2018","Finland","Percentage","Females","20,3",""
"2018","Sweden","Thousand","Males","274,1","b"
"2018","Sweden","Thousand","Females","72,4","b"
"2018","Sweden","Percentage","Males","79,1","b"
"2018","Sweden","Percentage","Females","20,9","b"
"2018","United Kingdom","Thousand","Males","1.365,8",""
"2018","United Kingdom","Thousand","Females","265,2",""
"2018","United Kingdom","Percentage","Males","83,7",""
"2018","United Kingdom","Percentage","Females","16,3",""
"2018","Iceland","Thousand","Males","6,5","s"
"2018","Iceland","Thousand","Females","1,2","s"
"2018","Iceland","Percentage","Males","84,5","s"
"2018","Iceland","Percentage","Females","15,5","s"
"2018","Norway","Thousand","Males","98,6",""
"2018","Norway","Thousand","Females","25,2",""
"2018","Norway","Percentage","Males","79,7",""
"2018","Norway","Percentage","Females","20,3",""
"2018","Switzerland","Thousand","Males","203,2",""
"2018","Switzerland","Thousand","Females","34,6",""
"2018","Switzerland","Percentage","Males","85,5",""
"2018","Switzerland","Percentage","Females","14,5",""
"2018","Montenegro","Thousand","Males","3,4",""
"2018","Montenegro","Thousand","Females",":","u"
"2018","Montenegro","Percentage","Males","76,9",""
"2018","Montenegro","Percentage","Females",":","u"
"2018","North Macedonia","Thousand","Males","9,5",""
"2018","North Macedonia","Thousand","Females","2,5",""
"2018","North Macedonia","Percentage","Males","79,3",""
"2018","North Macedonia","Percentage","Females","20,7",""
"2018","Serbia","Thousand","Males","55,1",""
"2018","Serbia","Thousand","Females","13,0",""
"2018","Serbia","Percentage","Males","80,9",""
"2018","Serbia","Percentage","Females","19,1",""
"2018","Turkey","Thousand","Males","244,8","s"
"2018","Turkey","Thousand","Females","28,5","s"
"2018","Turkey","Percentage","Males","89,6","s"
"2018","Turkey","Percentage","Females","10,4","s"
